state,lx,ly,seed,center_j,split,n_in,n_out,mpo_bond,col_eff_rank99,col_top_eta_frac,col_decades,svd2_eff_rank99,svd2_top_eta_frac,svd2_decades,col_spectrum,svd2_spectrum
random,4,4,0,0,right,3072,16,12,13,0.7902529157233121,1.1001008266062529,16,0.5504959083000055,1.574647433713491,1;0.877477;0.602631;0.423834;0.407547;0.349209;0.319757;0.265307;0.205712;0.175421;0.153888;0.145778;0.11415;0.0925327;0.0851678;0.0794144,1;0.97478;0.874843;0.81618;0.736614;0.706772;0.619519;0.606064;0.496837;0.480406;0.375367;0.32131;0.258778;0.246034;0.217482;0.144163;0.109504;0.104881;0.0936836;0.0883992;0.0797286;0.0513975;0.0375711;0.0266289
random,4,4,1,0,right,3072,16,12,14,0.799730927562546,1.2012410194594745,19,0.5617483740554687,1.232897564736414,1;0.676774;0.560295;0.454752;0.332639;0.302088;0.265741;0.217614;0.207202;0.195217;0.170227;0.153262;0.129212;0.121322;0.0822114;0.0629157,1;0.956389;0.941219;0.907269;0.708644;0.670374;0.607784;0.548331;0.515206;0.485957;0.403378;0.365469;0.334085;0.31066;0.206088;0.188979;0.178968;0.156784;0.145162;0.122788;0.105468;0.0986742;0.0647505;0.0584928
random,4,4,2,0,right,3072,16,12,14,0.7323061008287904,1.0520454777622223,18,0.4946234402093109,1.380088755160095,1;0.523625;0.463173;0.455636;0.376972;0.351079;0.332932;0.220837;0.204873;0.198771;0.180375;0.160268;0.153537;0.113349;0.105431;0.0887063,1;0.98759;0.914721;0.869086;0.824116;0.759042;0.725456;0.610014;0.584467;0.511113;0.454632;0.398117;0.360248;0.307545;0.287932;0.276296;0.205366;0.197412;0.157256;0.109586;0.0940218;0.080225;0.0682925;0.0416784
random,4,4,3,0,right,3072,16,12,13,0.8130610340936679,1.2775267311482013,17,0.5261988089099021,1.4875825209013829,1;0.754156;0.594417;0.50288;0.379997;0.361272;0.238197;0.210701;0.181181;0.154181;0.136887;0.126786;0.116292;0.0946296;0.0857127;0.0527805,1;0.953583;0.894219;0.873792;0.769434;0.736705;0.720204;0.661594;0.564767;0.487153;0.384166;0.301263;0.257381;0.217502;0.177262;0.17107;0.141285;0.11659;0.102968;0.0953689;0.0825221;0.0613261;0.0421494;0.03254
random,5,4,0,0,right,24576,32,12,24,0.6221979376886378,1.4754519747466541,18,0.5163236700323012,1.5537452518675325,1;0.788996;0.697447;0.598135;0.563544;0.48756;0.389527;0.351016;0.311091;0.279869;0.26593;0.241172;0.231748;0.217538;0.199521;0.192498;0.168425;0.161181;0.15667;0.136118;0.129868;0.115279;0.104387;0.10194;0.0929644;0.0818293;0.0737784;0.0710272;0.0595105;0.0579958;0.0544703;0.0334617,1;0.995459;0.940959;0.854176;0.776366;0.708441;0.669745;0.637437;0.551405;0.503237;0.436976;0.413293;0.355373;0.314536;0.272507;0.263787;0.223305;0.168754;0.138639;0.122445;0.0843188;0.0767039;0.063124;0.0279418
random,5,4,1,0,right,24576,32,12,22,0.7336398935511016,1.491736336319439,15,0.5766411466560973,1.7669920801986176,1;0.96658;0.638654;0.526755;0.417331;0.38026;0.343656;0.319198;0.272814;0.214588;0.206625;0.200719;0.173692;0.160194;0.148643;0.139947;0.131637;0.128803;0.117307;0.113045;0.0946702;0.0933036;0.0875796;0.0738704;0.0694087;0.0603503;0.0519038;0.0515555;0.046626;0.0397309;0.0390446;0.0322302,1;0.967577;0.923056;0.847748;0.716446;0.677699;0.620501;0.607951;0.482168;0.430973;0.388677;0.336055;0.225552;0.1892;0.170635;0.131529;0.103235;0.0841093;0.0826792;0.0549818;0.047434;0.0394101;0.022617;0.0171005
random,5,4,2,0,right,24576,32,12,29,0.5296269495188294,1.0788449200094836,18,0.5356741021525223,1.389302838143213,1;0.837059;0.807915;0.63263;0.542187;0.466177;0.452954;0.424524;0.410401;0.389336;0.374002;0.353791;0.32229;0.316792;0.281368;0.279386;0.265177;0.262065;0.243799;0.235942;0.224424;0.213952;0.201336;0.198154;0.190895;0.179689;0.16059;0.158542;0.134959;0.125764;0.108047;0.0833979,1;0.96077;0.938908;0.917912;0.850517;0.759053;0.640858;0.594844;0.459928;0.412084;0.410854;0.371961;0.322344;0.302126;0.225679;0.205654;0.200043;0.155286;0.14792;0.121515;0.0947305;0.0754956;0.0574581;0.0408035
random,5,4,3,0,right,24576,32,12,25,0.6492645865248345,1.3938121392493765,19,0.5153369723204209,1.3175526712530874,1;0.852419;0.679819;0.601819;0.493297;0.418581;0.37864;0.33492;0.298354;0.279712;0.275003;0.254145;0.237162;0.210664;0.208763;0.200948;0.184665;0.167444;0.155376;0.147336;0.13163;0.125257;0.116187;0.109972;0.106081;0.0961972;0.0797234;0.0762471;0.0693087;0.0579738;0.0530982;0.040382,1;0.936532;0.887934;0.860575;0.758755;0.692261;0.674892;0.56177;0.518074;0.491536;0.432748;0.417626;0.354589;0.331067;0.265656;0.226234;0.213301;0.185227;0.152884;0.132171;0.10288;0.0886979;0.0846696;0.0481335
random,6,4,0,0,right,196608,64,12,47,0.5079415360831069,1.6679051058913144,17,0.5497080001687098,1.3756118102006534,1;0.605784;0.584351;0.551425;0.49635;0.438638;0.382433;0.363395;0.320623;0.311093;0.301325;0.288493;0.269035;0.260815;0.236221;0.222962;0.213864;0.203975;0.197633;0.195309;0.190915;0.179758;0.172747;0.16422;0.159133;0.149224;0.145868;0.137089;0.134167;0.131453;0.129014;0.124175,1;0.960066;0.925777;0.887486;0.817907;0.731192;0.648951;0.560693;0.474801;0.433647;0.430217;0.326226;0.274477;0.263722;0.169529;0.156387;0.151462;0.13805;0.116797;0.0903215;0.0850225;0.0643364;0.047742;0.0421103
random,6,4,1,0,right,196608,64,12,48,0.4275761260481092,1.4516130064647523,17,0.4921619517724294,1.5971461626083743,1;0.916299;0.871342;0.666265;0.616524;0.601279;0.568829;0.519036;0.481446;0.471517;0.422356;0.415947;0.393943;0.380635;0.364505;0.342019;0.336455;0.31978;0.31246;0.29131;0.287091;0.276268;0.263127;0.238094;0.231127;0.226446;0.211712;0.206439;0.199228;0.195233;0.185807;0.181685,1;0.959071;0.936304;0.832182;0.816199;0.771478;0.730873;0.709084;0.578484;0.552088;0.473698;0.391228;0.293831;0.257418;0.178668;0.171573;0.167951;0.12993;0.0989921;0.0888672;0.062409;0.0431924;0.0419814;0.0252845
random,6,4,2,0,right,196608,64,12,54,0.4097247037355047,1.3384248768402642,19,0.5250286868790173,1.2426460462162523,1;0.823339;0.706372;0.588375;0.542203;0.533162;0.474996;0.442637;0.427333;0.413223;0.376439;0.363087;0.354852;0.347555;0.331401;0.323387;0.307365;0.29662;0.286376;0.276356;0.269676;0.265174;0.254753;0.252754;0.243039;0.233569;0.232715;0.22336;0.219418;0.214285;0.210381;0.202848,1;0.979029;0.935983;0.857424;0.740362;0.735843;0.729017;0.607599;0.558773;0.482027;0.396525;0.345966;0.317242;0.271909;0.253807;0.207954;0.196547;0.164713;0.152073;0.133331;0.108165;0.0971932;0.0657557;0.0571945
random,6,4,3,0,right,196608,64,12,47,0.5569211668760068,1.7632771022782165,17,0.5733232347637853,1.4819995871486984,1;0.620228;0.595166;0.453719;0.417189;0.393963;0.353607;0.312216;0.300311;0.267641;0.262476;0.246284;0.238747;0.225679;0.216935;0.211383;0.192552;0.185512;0.18026;0.174818;0.171114;0.167483;0.149676;0.146531;0.142507;0.138379;0.131896;0.127674;0.120564;0.11907;0.113278;0.111252,1;0.9793;0.952085;0.922282;0.818206;0.755223;0.607717;0.578109;0.418553;0.386027;0.369107;0.302466;0.289193;0.229544;0.181275;0.159555;0.146211;0.128031;0.123584;0.0950317;0.0751709;0.065543;0.0505361;0.032961
tfim@1.0,4,4,0,3,left,160,16,4,1,0.9999407614813282,5.400159379434691,2,0.9999266081363578,2.7375727052862446,1;0.0319601;0.0107133;0.00912512;0.0076537;0.0006177;0.000390092;0.000260604;0.000229876;0.000219628;0.000149083;9.78584e-05;1.89088e-05;1.29193e-05;6.0691e-06;3.97961e-06,1;0.117738;0.0519644;0.0149136;0.00689333;0.00436833;0.00216343;0.0018299
tfim@1.0,4,4,1,3,left,32,16,4,1,0.9999638461968814,6.928327940140695,2,0.9999925893780343,4.411425272541208,1;0.0294668;0.0206727;0.00776635;0.00596495;0.000511164;0.000432778;0.000385534;0.000143276;6.69079e-05;2.79604e-05;2.2384e-05;5.23198e-06;3.4637e-06;8.71381e-07;1.17943e-07,1;0.155344;0.0402876;0.00786893;0.00235288;0.00142977;0.000142152;3.8777e-05
tfim@1.0,4,4,2,3,left,160,16,4,1,0.9999355644239728,6.008285290144365,2,0.9999851960473344,3.541725560059498,1;0.0241003;0.0116085;0.00976656;0.00799772;0.000478532;0.000385903;0.000260771;0.000216765;0.000136413;0.000127385;2.271e-05;1.27137e-05;5.77531e-06;2.91957e-06;9.81103e-07,1;0.109403;0.0980978;0.010799;0.00340355;0.00154725;0.00103193;0.00028726
tfim@1.0,4,4,3,3,left,32,16,4,2,0.9999767569166853,7.036156077463451,2,0.9999981690804736,3.078079927290841,1;0.188334;0.0124048;0.00685156;0.00445149;0.00175517;0.000911563;0.000573086;0.000123805;3.17955e-05;2.17578e-05;9.4046e-06;6.65312e-06;1.19991e-06;1.2993e-07;9.20119e-08,1;0.121483;0.0676081;0.013882;0.00108106;0.000835449
tfim@1.0,5,4,0,3,left,160,32,4,1,0.999972215356093,7.720750938433184,3,0.9999579358297433,3.2567126555270383,1;0.0261024;0.00918546;0.00586901;0.00432817;0.00280145;0.000953822;0.000421055;0.000273734;0.000149134;0.000135608;9.50061e-05;7.751e-05;6.92419e-05;4.63342e-05;3.09189e-05;2.34722e-05;1.20767e-05;1.05652e-05;7.53589e-06;2.81284e-06;2.74978e-06;2.15126e-06;2.06435e-06;1.24825e-06;8.97371e-07;5.81721e-07;3.99495e-07;1.96714e-07;1.5427e-07;8.51173e-08;1.90217e-08,1;0.221339;0.121566;0.0980546;0.00656076;0.00101586;0.000877948;0.000553716
tfim@1.0,5,4,1,3,left,1280,32,4,1,0.9999629311530178,7.070251611025814,2,0.9998311516972135,3.5062513441533616,1;0.0202923;0.0115593;0.00798753;0.00494823;0.00343922;0.000606254;0.000393718;0.000318015;0.000219832;0.000192313;0.000169872;0.000149939;9.37757e-05;8.03956e-05;4.06248e-05;3.46748e-05;2.12075e-05;1.51289e-05;1.36751e-05;8.64218e-06;7.89132e-06;7.08988e-06;3.80319e-06;2.6796e-06;1.94538e-06;1.42975e-06;9.08701e-07;7.76729e-07;5.57772e-07;3.43061e-07;8.50645e-08,1;0.119108;0.0435423;0.0152786;0.0108426;0.00623884;0.00387934;0.000311709
tfim@1.0,5,4,2,3,left,512,32,4,1,0.9999462410084347,7.01854605548015,2,0.9999618354159718,2.9037157827211715,1;0.0265262;0.0107155;0.00697494;0.00555968;0.00445041;0.00151401;0.000566445;0.000467428;0.000382584;0.000210312;0.000150372;0.000123791;0.00011965;9.32072e-05;5.93789e-05;5.2557e-05;3.83288e-05;2.86214e-05;1.54293e-05;1.23863e-05;1.08582e-05;7.47277e-06;5.42062e-06;4.80419e-06;3.56469e-06;2.94966e-06;1.38833e-06;1.02131e-06;8.57812e-07;2.86008e-07;9.58195e-08,1;0.206804;0.0722741;0.0480983;0.00498416;0.00279344;0.00242545;0.0012482
tfim@1.0,5,4,3,3,left,208,32,4,2,0.9999335590941942,7.273717575642061,2,0.9998612911525689,2.8048739273318652,1;0.355402;0.0217618;0.00872359;0.00521269;0.00461663;0.00409565;0.00189644;0.00160501;0.00144864;0.000837802;0.000516808;0.0004199;0.000381691;0.000184066;8.86111e-05;6.49495e-05;5.01983e-05;4.86188e-05;3.70142e-05;1.26945e-05;1.1578e-05;1.08943e-05;4.8767e-06;4.59366e-06;3.05744e-06;1.87383e-06;1.12837e-06;9.22524e-07;2.86741e-07;1.93991e-07;5.32454e-08,1;0.104331;0.016;0.0132023;0.0109427;0.00317522;0.00283126;0.00156721
tfim@1.0,6,4,0,3,left,5120,64,4,1,0.9999396929790293,7.493497991321099,2,0.9993586663937365,2.123829208428234,1;0.0229796;0.0197423;0.00874107;0.00547261;0.0045475;0.0024024;0.00162439;0.000576895;0.000568198;0.000458217;0.00042512;0.000365727;0.000192955;0.000174122;0.000135615;0.000123716;0.000105081;0.000104447;8.15824e-05;7.38882e-05;6.11961e-05;5.62692e-05;4.91908e-05;4.12433e-05;3.51144e-05;3.18428e-05;2.45766e-05;2.33131e-05;1.97261e-05;1.74244e-05;1.23543e-05,1;0.189585;0.082089;0.0461062;0.018074;0.0140519;0.00947825;0.00751919
tfim@1.0,6,4,1,3,left,2048,64,4,1,0.9999845476899023,8.17705784138204,2,0.9999751388594479,3.681299936035602,1;0.0240745;0.00676915;0.00544581;0.00334175;0.00167451;0.00106822;0.000366681;0.000307508;0.000212093;0.000145518;0.000130644;0.000108872;7.9053e-05;7.00275e-05;6.46268e-05;5.52662e-05;4.95719e-05;4.59943e-05;3.43864e-05;2.73978e-05;2.21356e-05;1.47116e-05;1.24669e-05;9.5493e-06;8.63203e-06;8.31856e-06;7.18328e-06;6.08298e-06;5.54449e-06;4.88964e-06;3.88238e-06,1;0.214223;0.0900841;0.017942;0.00457663;0.00227422;0.000226944;0.000208305
tfim@1.0,6,4,2,3,left,256,64,4,1,0.9998587153318829,11.515072592094267,3,0.9986080291667649,2.209957895835913,1;0.0229074;0.0177372;0.0090728;0.00844511;0.00747328;0.00367016;0.00046428;0.000443932;0.000406459;0.000203296;0.000199321;0.000183964;0.000174345;0.000172063;0.000121665;8.94395e-05;8.62528e-05;6.69147e-05;6.25409e-05;3.57363e-05;3.11126e-05;2.57319e-05;1.48652e-05;1.18822e-05;9.58269e-06;7.01545e-06;5.94849e-06;4.18634e-06;3.86162e-06;3.26252e-06;2.8663e-06,1;0.197823;0.117086;0.057665;0.0348573;0.0122341;0.00833527;0.00616655
tfim@1.0,6,4,3,3,left,3840,64,4,1,0.999795809458174,6.652424587056895,3,0.9997618028728968,2.8350469382251675,1;0.0657461;0.0225834;0.0123002;0.00961395;0.00747935;0.00651275;0.00304639;0.0018325;0.000715815;0.000609702;0.000473284;0.000467826;0.000291878;0.000280922;0.000243438;0.000223037;0.000219333;0.000195657;0.000185207;0.000181255;0.00014365;0.000109319;0.000102771;7.60919e-05;7.35585e-05;6.79817e-05;6.76734e-05;5.859e-05;4.56786e-05;3.83458e-05;2.87152e-05,1;0.278758;0.139792;0.0530051;0.0153691;0.00429459;0.00230299;0.00146202
tfim@2.0,4,4,0,3,left,32,16,4,2,0.9983734609925266,4.4158488638253495,3,0.9990810924583472,2.155540218622428,1;0.314628;0.0821385;0.0436816;0.0323546;0.0248278;0.00900452;0.00547778;0.00411582;0.0028469;0.0018519;0.00114046;0.000630832;0.000217148;0.00012153;3.83841e-05,1;0.276507;0.085193;0.0523771;0.0221989;0.0191698;0.00949446;0.00698972
tfim@2.0,4,4,1,3,left,256,16,4,2,0.9988468387456197,4.101987666964536,3,0.9989577865194706,2.146937564465207,1;0.205602;0.0732484;0.0401715;0.0268861;0.0198726;0.00676914;0.00495733;0.00375248;0.00205732;0.00168803;0.00110646;0.000755759;0.000346348;0.00030399;7.90701e-05,1;0.243485;0.136564;0.0395689;0.0228079;0.0200855;0.0123202;0.00712956
tfim@2.0,4,4,2,3,left,256,16,4,2,0.9992053500889058,3.758595137170082,3,0.9983621515666656,1.885941635478247,1;0.174929;0.0641605;0.0310373;0.0208791;0.0148188;0.0089009;0.00717553;0.00380162;0.00330665;0.00285669;0.00138177;0.00114084;0.000575729;0.000538691;0.000174343,1;0.255895;0.152806;0.0508767;0.0288437;0.0219563;0.0175325;0.0130034
tfim@2.0,4,4,3,3,left,256,16,4,3,0.9978650879264239,3.2003281732081867,2,0.9972196818009327,1.9426655191107267,1;0.361328;0.0912271;0.0499989;0.0351797;0.0257991;0.0187303;0.0097086;0.00703719;0.00437006;0.00304935;0.00274978;0.00237278;0.00109064;0.000987827;0.000630481,1;0.252991;0.0755081;0.0453558;0.0381236;0.0322629;0.019069;0.0114113
tfim@2.0,5,4,0,3,left,2048,32,4,3,0.9977394602202232,4.5069593368760446,4,0.9960387450771125,2.2676166670109796,1;0.15579;0.0867008;0.0440768;0.0340876;0.0270474;0.0140656;0.00854131;0.00792357;0.00565356;0.00524407;0.00451784;0.00301213;0.00275886;0.00264059;0.00161943;0.00153323;0.00130199;0.00126285;0.00121347;0.000750411;0.0006248;0.000572959;0.000388639;0.000306766;0.000282609;0.000229369;0.000140475;0.000130714;7.56735e-05;6.40061e-05;3.11201e-05,1;0.271535;0.172595;0.0825224;0.0595704;0.0246467;0.0151836;0.00539987
tfim@2.0,5,4,1,3,left,2048,32,4,2,0.9984701735817986,4.803148747984605,3,0.9990298179898974,2.16136230989587,1;0.0967388;0.0654555;0.0404382;0.0299702;0.0225212;0.00739496;0.00510213;0.004414;0.0040576;0.00291802;0.00271262;0.00208869;0.00187163;0.0018063;0.00156548;0.00122376;0.00120015;0.000574488;0.000486498;0.000437941;0.000387649;0.000287863;0.000231824;0.000161157;0.000131473;8.1702e-05;6.61791e-05;5.02842e-05;3.41605e-05;2.43971e-05;1.57344e-05,1;0.280263;0.145925;0.0632461;0.026522;0.0159684;0.00812397;0.00689664
tfim@2.0,5,4,2,3,left,2048,32,4,2,0.9981044540244121,4.538699826231481,3,0.998994026215248,2.407029447702112,1;0.394461;0.0805998;0.0346335;0.0279104;0.0241218;0.0223876;0.00938516;0.0091492;0.00789769;0.00627796;0.00520692;0.00434103;0.00311755;0.00273671;0.0017925;0.00143047;0.0012957;0.00103157;0.000877244;0.000771528;0.000645202;0.000434284;0.000429936;0.000358403;0.000303074;0.000204487;0.000159122;0.000126383;9.10296e-05;6.71466e-05;2.89268e-05,1;0.347965;0.122406;0.0868897;0.0293447;0.0132304;0.0100053;0.00391715
tfim@2.0,5,4,3,3,left,2048,32,4,2,0.9972672766234492,4.067063190487537,3,0.9982652841103394,1.8838025295338834,1;0.327872;0.0592234;0.0440626;0.034837;0.0285366;0.024255;0.0115468;0.00997483;0.00950452;0.00576588;0.00444143;0.00418876;0.00349562;0.00301144;0.00218781;0.00176121;0.00163283;0.00162392;0.00125468;0.00112849;0.000921693;0.000708837;0.000606113;0.000522225;0.000458532;0.000336501;0.000258982;0.000157981;0.000137513;9.99825e-05;8.56913e-05,1;0.366278;0.10955;0.0495101;0.0325118;0.0227728;0.0157987;0.0130676
tfim@2.0,6,4,0,3,left,2048,64,4,2,0.9975863686446157,5.094617724216667,4,0.9941643309663247,1.772145208819192,1;0.105772;0.0662216;0.0474859;0.0381238;0.0228315;0.0138559;0.00883524;0.00731306;0.00632841;0.00522253;0.00487423;0.00413105;0.00325454;0.00305896;0.0028653;0.00247691;0.00223359;0.00187542;0.00154507;0.00148394;0.00125437;0.00114835;0.000986214;0.000933305;0.000837113;0.000719286;0.000690971;0.000648711;0.000585921;0.00050202;0.000488423,1;0.343243;0.190528;0.130988;0.0645354;0.0428869;0.0241995;0.0168988
tfim@2.0,6,4,1,3,left,16384,64,4,3,0.9961175872932323,5.057469235894609,3,0.9960849361919518,1.8502231801639588,1;0.371374;0.0830642;0.0481273;0.035959;0.034039;0.0273467;0.0235994;0.016548;0.0107991;0.00902382;0.00819892;0.00734965;0.00567478;0.00471388;0.00341459;0.00328252;0.0027044;0.00261214;0.00224233;0.00216479;0.00187786;0.00181312;0.00162499;0.00150323;0.00121754;0.00112149;0.0010694;0.000932825;0.000868119;0.000850826;0.000770321,1;0.379693;0.154115;0.0563171;0.0514593;0.0316425;0.0274641;0.0141181
tfim@2.0,6,4,2,3,left,16384,64,4,2,0.9982580846968148,5.732245559207815,4,0.9941785777318333,1.518667311217983,1;0.0911246;0.0671504;0.0449924;0.0278881;0.0241156;0.0147243;0.00835776;0.00654849;0.00497108;0.00407133;0.00301767;0.00270244;0.00248671;0.00188776;0.00184033;0.00164437;0.00152141;0.00123071;0.000906578;0.000901831;0.000772219;0.00068211;0.000623269;0.00054953;0.000544163;0.00043675;0.000389714;0.000337141;0.000309547;0.000275135;0.000260834,1;0.290698;0.234767;0.0857878;0.0504787;0.0436046;0.0367296;0.0302923
tfim@2.0,6,4,3,3,left,2560,64,4,2,0.9976926508246449,5.401626424406137,3,0.9971437461303542,1.8195375504034126,1;0.0595404;0.0524586;0.0391829;0.0338199;0.0226405;0.019836;0.0115603;0.00874949;0.00533546;0.00365033;0.00263453;0.00204349;0.0017951;0.0016911;0.00155109;0.0012913;0.00118869;0.0010754;0.00103586;0.000921771;0.000881165;0.000711155;0.000647353;0.000567839;0.000517731;0.000411696;0.000355533;0.000350682;0.000307622;0.000289088;0.000231555,1;0.273938;0.180414;0.0581661;0.038765;0.0332667;0.0185296;0.0151517
tfim@3.04,4,4,0,3,left,256,16,4,2,0.9988618288128008,3.961376075142971,3,0.9987801016346618,2.3102173666613846,1;0.117182;0.074852;0.0445958;0.0318558;0.00823605;0.00632693;0.00381735;0.00366284;0.00241393;0.00187581;0.00138192;0.00119104;0.000585588;0.000306239;0.000109301,1;0.26012;0.188732;0.0516126;0.0281775;0.0219312;0.00720262;0.00489534
tfim@3.04,4,4,1,3,left,256,16,4,2,0.9987055576642124,4.0428376369624,3,0.9982178998615652,2.209667696897443,1;0.117692;0.0746222;0.0526387;0.033797;0.00816746;0.00652351;0.00575164;0.00413434;0.00348915;0.00252279;0.00168412;0.00112583;0.000633169;0.000390045;9.06071e-05,1;0.262446;0.196567;0.0709159;0.0359274;0.0218318;0.0134434;0.00617067
tfim@3.04,4,4,2,3,left,256,16,4,2,0.9991285591135901,3.919568613024427,4,0.9992872528572113,2.4166061888455923,1;0.118378;0.0731676;0.0450645;0.0276663;0.00781573;0.00552899;0.00381554;0.00283025;0.00239975;0.00153323;0.00148261;0.000658397;0.000571054;0.000363276;0.000120346,1;0.219689;0.178825;0.114937;0.0226701;0.014437;0.0065472;0.00383172
tfim@3.04,4,4,3,3,left,256,16,4,2,0.9986612779633687,4.052702930928444,3,0.9986557315632344,2.016316490208211,1;0.121639;0.0747433;0.0506531;0.0351801;0.00791779;0.00582059;0.00361643;0.0031227;0.00278878;0.00181497;0.00155537;0.00066454;0.00050578;0.000205046;8.85721e-05,1;0.248516;0.162621;0.0426453;0.0283245;0.0198607;0.0133331;0.00963127
tfim@3.04,5,4,0,3,left,2048,32,4,3,0.9976310667980651,4.637106128025068,3,0.9990951942662606,2.0922313206925995,1;0.117224;0.0799612;0.0445409;0.037073;0.0298476;0.00866425;0.00532747;0.00392908;0.00346676;0.0030072;0.00253734;0.00220938;0.00180926;0.00155184;0.00144584;0.00105395;0.000747932;0.000537858;0.000526913;0.00044797;0.000352986;0.000275348;0.000201897;0.000164962;0.000145549;9.51688e-05;7.998e-05;7.52287e-05;6.19641e-05;4.82002e-05;2.30618e-05,1;0.325202;0.194537;0.0746431;0.0242097;0.0171768;0.00970423;0.00808665
tfim@3.04,5,4,1,3,left,2048,32,4,2,0.9982357801238281,5.103833460945562,3,0.9991792682469539,2.185764805919104,1;0.103683;0.0690078;0.0469856;0.0353596;0.0202609;0.00627178;0.00485009;0.00448658;0.00349842;0.00326217;0.00301164;0.00282701;0.00241914;0.00189886;0.00142846;0.00135188;0.000794365;0.000620523;0.000520043;0.000312686;0.000261876;0.000214164;0.000186347;0.000155986;0.00012918;8.52601e-05;8.10401e-05;4.36981e-05;2.51993e-05;1.60751e-05;7.87348e-06,1;0.256381;0.194583;0.0488486;0.025473;0.0119446;0.00862569;0.00651981
tfim@3.04,5,4,2,3,left,2048,32,4,3,0.9970340959747699,4.757529324077536,3,0.9972191970240363,1.9013987104344028,1;0.106753;0.0793836;0.0474066;0.0413192;0.0311413;0.0150004;0.00706089;0.00476305;0.00395874;0.00316694;0.00295808;0.00256729;0.00229416;0.00204785;0.00182417;0.00146431;0.00117228;0.00102117;0.000573471;0.000501124;0.000403746;0.000328886;0.000296337;0.000220004;0.000163314;0.000154448;8.75592e-05;7.141e-05;5.82753e-05;3.4993e-05;1.74772e-05,1;0.283968;0.139963;0.0558949;0.0399934;0.0300139;0.0204691;0.0125488
tfim@3.04,5,4,3,3,left,2048,32,4,3,0.9980296071804147,5.098551001839451,3,0.9976602361783546,2.3780895375738975,1;0.105112;0.0791119;0.0533895;0.0352029;0.0245073;0.0079732;0.00518999;0.00457493;0.00422208;0.0034982;0.00280525;0.00264171;0.00240917;0.00201436;0.0018398;0.00122408;0.00114948;0.000991093;0.00059384;0.00043017;0.000347893;0.000243262;0.000195665;0.000158668;0.000143339;0.000116223;8.57072e-05;7.00156e-05;5.06096e-05;1.41815e-05;7.96983e-06,1;0.318694;0.200302;0.0741644;0.0420036;0.028423;0.0100369;0.00418707
tfim@3.04,6,4,0,3,left,16384,64,4,2,0.9969735984708843,5.602132741802232,4,0.9988741168147413,2.317485852684884,1;0.0946663;0.0608539;0.0569551;0.0401918;0.0279505;0.0207621;0.00992498;0.00610563;0.00530417;0.0046683;0.00462408;0.00351858;0.0031522;0.00251465;0.00193751;0.00187963;0.00181674;0.00149541;0.00130214;0.00114153;0.000980807;0.000843884;0.000706171;0.00069956;0.000631258;0.00053814;0.000511843;0.000437946;0.000416216;0.000384789;0.000356362,1;0.288397;0.1567;0.100317;0.0315466;0.0126474;0.00903317;0.00481409
tfim@3.04,6,4,1,3,left,16384,64,4,3,0.9971278349742078,5.8334116468221096,3,0.9992641152091597,2.1920965381842654,1;0.109037;0.0748408;0.0467475;0.0380653;0.0310908;0.0184577;0.00764923;0.00540124;0.00448971;0.0040945;0.00332487;0.0032235;0.00257666;0.00234019;0.00229737;0.00218637;0.00178124;0.00147795;0.0013406;0.0011081;0.00108689;0.000822132;0.000755783;0.000694069;0.000566683;0.000412533;0.000383912;0.0003429;0.000293971;0.000287957;0.000273826,1;0.343168;0.144149;0.0434518;0.0219234;0.0146466;0.0101684;0.00642545
tfim@3.04,6,4,2,3,left,16384,64,4,3,0.9962309458342049,5.631741325148529,3,0.996362802707909,1.9397909000737117,1;0.09512;0.0747457;0.0601094;0.0438087;0.0313506;0.0258028;0.0102472;0.00681331;0.00553221;0.00410615;0.00388486;0.00369128;0.00345926;0.00298595;0.00258171;0.00252624;0.00213647;0.00201278;0.00173653;0.00161215;0.00146988;0.00114272;0.000961854;0.000919129;0.000906661;0.0008204;0.000702415;0.000547995;0.000531983;0.000425362;0.000345517,1;0.29079;0.200091;0.0733408;0.0495474;0.0290559;0.02634;0.0114871
tfim@3.04,6,4,3,3,left,16384,64,4,3,0.9963983302547013,5.232070274907031,4,0.996219994284915,1.9665927384267898,1;0.108267;0.080916;0.0499674;0.0410261;0.0325319;0.0240423;0.0100582;0.00830687;0.00754084;0.00636245;0.00508882;0.00377642;0.00368748;0.00313076;0.00277938;0.00243438;0.00230784;0.00213489;0.00190066;0.00175287;0.00152068;0.00117798;0.00109911;0.000966235;0.000837974;0.000729566;0.000632624;0.000582231;0.000459921;0.00038573;0.000356946,1;0.280294;0.191801;0.0979388;0.0464397;0.036576;0.0256388;0.0107996
tfim@3.5,4,4,0,3,left,256,16,4,2,0.9992282359942675,3.9954898114955695,3,0.9995809283315931,2.6597492638453923,1;0.0876403;0.0608243;0.0313364;0.0266765;0.00554149;0.0049732;0.00211539;0.00202512;0.0017158;0.00130782;0.00083701;0.000634616;0.000609479;0.000342232;0.000101044,1;0.195934;0.105242;0.0374283;0.0179979;0.00984761;0.00385753;0.00218903
tfim@3.5,4,4,1,3,left,256,16,4,2,0.9989981138471101,4.09621769501405,3,0.9993335184097758,2.1246458994866404,1;0.0889869;0.0581358;0.0461195;0.0308309;0.00551203;0.00382773;0.00300638;0.00228711;0.00196667;0.00127447;0.000848552;0.000411515;0.000313464;0.000150587;8.01276e-05,1;0.236047;0.113059;0.0447804;0.0218895;0.0105636;0.0081781;0.00750506
tfim@3.5,4,4,2,3,left,256,16,4,2,0.9993476860172033,4.012176188107946,3,0.9985288825755394,2.084713862358254,1;0.0997475;0.0682355;0.0505905;0.0236529;0.00619869;0.00501519;0.00447155;0.00335392;0.0024987;0.00115769;0.00105887;0.000691554;0.000560666;0.000394719;9.72353e-05,1;0.242724;0.183466;0.0569629;0.0294502;0.0216253;0.014553;0.00822785
tfim@3.5,4,4,3,3,left,256,16,4,2,0.9988980189046451,4.0327653685046805,3,0.9989012361499231,2.317399541155549,1;0.0967141;0.0647596;0.049702;0.0308178;0.0099873;0.00529825;0.00444795;0.00396965;0.001984;0.0016094;0.000961541;0.000412987;0.000294199;0.000235484;9.27331e-05,1;0.213658;0.110894;0.0466918;0.0250235;0.0202454;0.0103379;0.00481505
tfim@3.5,5,4,0,3,left,2048,32,4,2,0.9978722887489714,4.6325251156338085,4,0.9966880712862451,1.8174941385516639,1;0.0802282;0.0642338;0.0473917;0.0343416;0.0257782;0.0108599;0.00911022;0.00704122;0.00451173;0.00353794;0.0030022;0.00244926;0.00211679;0.00195908;0.00163143;0.00152547;0.00119175;0.00105766;0.000701594;0.000598481;0.000435458;0.000385011;0.000349643;0.000217936;0.000199952;0.000155921;0.000124266;8.76892e-05;7.3145e-05;4.84563e-05;2.33064e-05,1;0.282439;0.229691;0.119126;0.0433553;0.0362959;0.019536;0.0152232
tfim@3.5,5,4,1,3,left,2048,32,4,2,0.9983808287084799,5.190704584785246,4,0.9990974694320391,2.211686009119303,1;0.0917438;0.0649014;0.0459226;0.0314642;0.0230609;0.00610037;0.00543428;0.00392925;0.00342974;0.00319712;0.00248624;0.00226868;0.00166864;0.00132834;0.0012004;0.00106204;0.000726728;0.000496998;0.000402364;0.000357854;0.000295948;0.000217962;0.000181461;0.000162683;0.000111295;8.77382e-05;5.50688e-05;4.34709e-05;3.51033e-05;1.63526e-05;6.44608e-06,1;0.305938;0.233116;0.146184;0.0244555;0.0162012;0.0125705;0.00614206
tfim@3.5,5,4,2,3,left,2048,32,4,2,0.997426169408658,5.175923794402482,3,0.9995679086715425,2.377299327582867,1;0.0922745;0.071332;0.0431737;0.0410075;0.0284003;0.00685406;0.00540288;0.00380488;0.00321865;0.00298133;0.00275875;0.00225053;0.00199594;0.00140653;0.00130799;0.00102825;0.000626148;0.000472665;0.000375169;0.000250292;0.000179189;0.000125285;0.000105498;7.99701e-05;7.84926e-05;5.03572e-05;3.26554e-05;2.88086e-05;2.35056e-05;1.22227e-05;6.66924e-06,1;0.2629;0.188219;0.0500595;0.0156455;0.0131406;0.00659547;0.0041947
tfim@3.5,5,4,3,3,left,2048,32,4,2,0.9967122672686711,5.107336540544296,3,0.9981402986585907,2.1763478876162137,1;0.0840271;0.0605026;0.0482453;0.0468051;0.0259792;0.0191344;0.00575733;0.0042992;0.00408577;0.00357998;0.00314026;0.00238412;0.00224287;0.00192547;0.00140603;0.00112341;0.000640783;0.000546928;0.000363666;0.000333088;0.000265832;0.000242158;0.000216341;0.000190609;0.000118707;0.000117292;7.60896e-05;5.03679e-05;2.52165e-05;1.57635e-05;7.81022e-06,1;0.36706;0.09691;0.0439619;0.0358799;0.0235094;0.0158382;0.00666273
tfim@3.5,6,4,0,3,left,10240,64,4,3,0.9966490825788715,5.8841347449372785,3,0.9976819033566523,2.0647197372168526,1;0.080732;0.0661904;0.0501827;0.0356234;0.031198;0.0266224;0.0149914;0.00920622;0.00789968;0.00470658;0.00371095;0.00316343;0.00292434;0.00269514;0.00225473;0.00185215;0.00175805;0.00149932;0.00143568;0.00119492;0.00102142;0.00085292;0.000826237;0.000771422;0.000719999;0.000630781;0.00054888;0.000441061;0.000407193;0.000375321;0.000334266,1;0.549952;0.109411;0.0664616;0.0447432;0.0284275;0.0134158;0.0086155
tfim@3.5,6,4,1,3,left,2048,64,4,2,0.9968205861432752,6.710797601576037,4,0.9946977784843649,2.291412825264097,1;0.0768388;0.0659361;0.0456247;0.0392421;0.0309693;0.0253996;0.00490732;0.00345196;0.00308479;0.00283595;0.00250643;0.00236305;0.00203326;0.00181855;0.001644;0.00151955;0.00126242;0.0011457;0.000996475;0.000890693;0.000802909;0.000722812;0.000624562;0.0005518;0.000311021;0.000186056;0.000168211;0.000146623;0.000132224;0.000126469;0.000109189,1;0.417814;0.225306;0.144807;0.0744914;0.027944;0.0169535;0.00511196
tfim@3.5,6,4,2,3,left,16384,64,4,3,0.9962880925500626,6.134040842973003,4,0.9961529251383497,1.937639422468924,1;0.0857794;0.0702787;0.0523078;0.0430538;0.0314299;0.026397;0.0105111;0.00535787;0.00473346;0.00399697;0.00349431;0.00303007;0.00296122;0.00270812;0.00241835;0.00223178;0.00194888;0.00178819;0.00148057;0.00142414;0.0012369;0.00104013;0.000917655;0.000828668;0.000819794;0.00065419;0.000553211;0.000458544;0.000391195;0.000349577;0.000265634,1;0.347055;0.196843;0.0869513;0.0511157;0.0365901;0.0205184;0.0115441
tfim@3.5,6,4,3,3,left,16384,64,4,3,0.9964809074034677,6.781298211281395,3,0.9990990756481573,2.110029258025378,1;0.0898403;0.0740635;0.0546225;0.0422699;0.0325742;0.0238636;0.0065851;0.00527967;0.00455792;0.00401533;0.00335904;0.00323283;0.0030862;0.00271789;0.00234582;0.0021562;0.0018433;0.00172531;0.00158215;0.0014275;0.00124299;0.00107134;0.000981227;0.000494199;0.000468845;0.000338535;0.000320321;0.000283743;0.000273876;0.000230263;0.000223549,1;0.30613;0.221212;0.0351428;0.0222877;0.0192018;0.0102852;0.00776195
heis,4,4,0,3,left,256,16,4,4,0.9909102153059491,2.5758437202374562,4,0.9968761244029212,1.9771072037992887,1;0.220783;0.140291;0.0932574;0.0688634;0.0468542;0.0340065;0.0281748;0.0212695;0.0131323;0.0121137;0.00983709;0.00848815;0.00483574;0.00469521;0.00265556,1;0.281912;0.185007;0.0976764;0.0498314;0.0280507;0.0117786;0.0105413
heis,4,4,1,3,left,256,16,4,5,0.9877498514484268,2.481449891114995,4,0.9936658317328677,2.0098974987067066,1;0.218076;0.155093;0.117759;0.0854543;0.0567438;0.0312436;0.0250425;0.0226095;0.0164695;0.0150541;0.0134453;0.00846226;0.00610097;0.00519949;0.00330027,1;0.285792;0.247211;0.141683;0.0782179;0.0295969;0.0179768;0.00977468
heis,4,4,2,3,left,256,16,4,4,0.9911205363328823,2.701640142814147,4,0.9985843563250393,2.056972036302033,1;0.221007;0.186188;0.105014;0.0632607;0.0441221;0.0425994;0.0309267;0.0230297;0.0143364;0.0140048;0.00931715;0.00617413;0.00413882;0.0028451;0.00198774,1;0.703115;0.227367;0.149113;0.0357436;0.0260948;0.0137056;0.00877057
heis,4,4,3,3,left,256,16,4,5,0.9895319260831942,2.6706278304745643,3,0.9981953377367927,1.9487148556901106,1;0.234877;0.183979;0.156464;0.0784516;0.0432533;0.0382394;0.0360454;0.0199584;0.0157731;0.0120983;0.00985794;0.00730663;0.0047863;0.00457351;0.00213487,1;0.348234;0.17385;0.0899219;0.0341746;0.0226277;0.0170256;0.0112534
heis,5,4,0,3,left,2048,32,4,4,0.9928094610683429,3.79585413608029,4,0.9986027114390231,2.1767949111357185,1;0.237382;0.0922518;0.0749704;0.0487963;0.0406516;0.0332945;0.0275291;0.0220951;0.0212863;0.0180011;0.0121715;0.0107712;0.00936963;0.00913135;0.0060106;0.00550984;0.00464004;0.00441811;0.00390298;0.00301935;0.0024097;0.00233165;0.00197369;0.00128038;0.00122507;0.00102779;0.000802836;0.000534865;0.00037277;0.000307456;0.00016001,1;0.424784;0.26245;0.111778;0.0342491;0.0182398;0.0146831;0.00665587
heis,5,4,1,3,left,2048,32,4,6,0.9840328828266574,3.2239753177824833,4,0.9963873970271817,1.8097732124723827,1;0.235922;0.178129;0.102363;0.0798792;0.0681585;0.045095;0.0419792;0.0282388;0.0242947;0.0189138;0.0164586;0.0157286;0.0151104;0.01044;0.00943593;0.00849807;0.00667052;0.00647334;0.00583153;0.00520137;0.00472707;0.00388489;0.00359738;0.00319519;0.00264822;0.00217657;0.00188377;0.00176167;0.00146365;0.000976509;0.000597069,1;0.383762;0.228761;0.155781;0.0466285;0.0337495;0.0297325;0.0154963
heis,5,4,2,3,left,2048,32,4,4,0.9915138949564439,3.7011059982376073,4,0.9955147727205517,2.2860646815323573,1;0.246054;0.165623;0.097982;0.0539555;0.0424602;0.0413192;0.0346519;0.0246081;0.0167699;0.0145948;0.0132897;0.0125933;0.0104506;0.00917572;0.00644966;0.00526915;0.00378687;0.00335246;0.00315984;0.00305507;0.00280055;0.00251312;0.00242729;0.00162129;0.00149822;0.00132367;0.000895199;0.000816748;0.000726245;0.00060444;0.000199019,1;0.514577;0.283634;0.103901;0.0596202;0.0496086;0.00819503;0.0051753
heis,5,4,3,3,left,2048,32,4,6,0.9732152126600395,3.3869587725331782,5,0.9875587695122486,1.7945998320253858,1;0.258365;0.144064;0.126759;0.118938;0.0862569;0.0443333;0.0396399;0.0370004;0.0327174;0.0306211;0.0224911;0.0188167;0.0159869;0.0134253;0.01181;0.0117263;0.0100889;0.00649431;0.00628785;0.0057011;0.00489933;0.00426254;0.00365728;0.00319545;0.00246048;0.00218994;0.00169824;0.00127196;0.00120199;0.000836701;0.000410243,1;0.341732;0.295003;0.17525;0.111808;0.0477033;0.0227641;0.0160472
heis,6,4,0,3,left,16384,64,4,6,0.9837656036570371,4.475974594854845,4,0.9927094547647768,1.8495187724953994,1;0.243178;0.134418;0.103304;0.0753042;0.0572743;0.0540855;0.0483143;0.033255;0.025723;0.0201075;0.018372;0.0175423;0.0139839;0.0126427;0.0119808;0.0103316;0.00715174;0.00640701;0.00597094;0.00547005;0.00507523;0.00493041;0.00427474;0.00412096;0.00338145;0.00313437;0.00309245;0.00259137;0.00252229;0.00222542;0.00203461,1;0.711587;0.27761;0.126643;0.0838012;0.0577812;0.0344283;0.014141
heis,6,4,1,3,left,16384,64,4,5,0.9850155361640368,4.257993091897413,4,0.998268343283374,2.2019991533210916,1;0.22878;0.162641;0.134382;0.084162;0.0637383;0.0373371;0.0336961;0.0312279;0.0236324;0.0196816;0.0146552;0.0142522;0.0131597;0.0104332;0.00847741;0.00758458;0.00692315;0.00591339;0.00509941;0.00465274;0.00456655;0.0042434;0.0038797;0.00347918;0.00311859;0.00303542;0.00261515;0.00255978;0.00234753;0.00199015;0.00169211,1;0.762724;0.245148;0.170838;0.0478614;0.020566;0.0120647;0.0062806
heis,6,4,2,3,left,16384,64,4,6,0.9728524847848413,3.908957130395205,4,0.9954277408063003,1.878839573647013,1;0.230728;0.17721;0.121746;0.113341;0.0832948;0.0512382;0.0485947;0.0400663;0.0307548;0.0258323;0.0215246;0.0190734;0.0186101;0.0170258;0.0140116;0.0135228;0.0117559;0.0107395;0.00977884;0.00891524;0.00784286;0.00657846;0.00630619;0.00600853;0.00544986;0.00515044;0.00487118;0.00467671;0.00415917;0.00409382;0.00386258,1;0.522095;0.297189;0.189542;0.0691019;0.0303796;0.023309;0.0132178
heis,6,4,3,3,left,16384,64,4,7,0.9749240873821732,4.017394637401585,3,0.9959657190172201,2.0925997670410554,1;0.227103;0.12928;0.110427;0.108808;0.068033;0.056653;0.0396567;0.0319131;0.029303;0.0282431;0.0257227;0.0250462;0.0228576;0.0217559;0.0163038;0.015858;0.0132028;0.0111717;0.0102852;0.00922954;0.00912943;0.00835815;0.00745108;0.00695013;0.00666485;0.00615218;0.00584065;0.00557376;0.00524325;0.00503319;0.00486585,1;0.546755;0.348352;0.0908016;0.0540879;0.0384615;0.036282;0.00807979
xxz@0.5,4,4,0,3,left,256,16,4,5,0.9899349967113638,2.411850144000768,4,0.9984446502206378,2.021861461871613,1;0.254327;0.180868;0.0850322;0.0616985;0.0564712;0.0516609;0.0249154;0.0205026;0.0124893;0.0104347;0.00997328;0.00895215;0.00639288;0.0050074;0.00387391,1;0.40374;0.155344;0.101773;0.0370594;0.0153225;0.0129161;0.00950908
xxz@0.5,4,4,1,3,left,256,16,4,4,0.9962346495998525,2.815782615147556,3,0.9992461351952108,2.2381161368526303,1;0.234365;0.152301;0.0909024;0.0441852;0.0323704;0.020323;0.0181976;0.0126766;0.00861626;0.00766026;0.0059178;0.00365676;0.00348432;0.00229158;0.00152833,1;0.374789;0.169264;0.0491383;0.0226943;0.0137042;0.0121492;0.00577941
xxz@0.5,4,4,2,3,left,256,16,4,5,0.9824881701810113,2.0810701019256097,4,0.9955439614107071,1.7674150609156838,1;0.471818;0.190896;0.153758;0.102241;0.0800211;0.0465129;0.0389805;0.0280126;0.0216073;0.0190245;0.0174603;0.012125;0.0103286;0.00906471;0.00829717,1;0.482056;0.19759;0.111093;0.0626969;0.0328193;0.0211241;0.0170838
xxz@0.5,4,4,3,3,left,256,16,4,5,0.9871490347687237,2.3729712018763798,4,0.99616503432676,2.34173760240371,1;0.24771;0.174667;0.111055;0.0803269;0.0599543;0.0490355;0.0265472;0.0184766;0.016884;0.0146067;0.0122371;0.0107986;0.00753996;0.00613647;0.00423671,1;0.38786;0.198377;0.0960033;0.0615822;0.0249385;0.0134468;0.00455263
xxz@0.5,5,4,0,3,left,2048,32,4,5,0.9893131579663026,3.385723756898211,4,0.9947526743260012,1.6878648672413563,1;0.232387;0.199607;0.103961;0.0582708;0.05142;0.0495587;0.0332084;0.0276962;0.0224619;0.0170723;0.0129075;0.0112076;0.0109576;0.00982502;0.00777072;0.00729601;0.00603159;0.00533779;0.00482463;0.00393425;0.00349335;0.00340283;0.00236757;0.00221177;0.00193046;0.00155449;0.00133037;0.0011894;0.000991011;0.000744469;0.000411411,1;0.399958;0.240779;0.0940125;0.0609696;0.0426618;0.0226486;0.020518
xxz@0.5,5,4,1,3,left,2048,32,4,5,0.9864051078167285,3.2749063985183424,4,0.9921006559361654,1.6382689034914741,1;0.236546;0.206603;0.0924985;0.0771477;0.052629;0.0480511;0.0423044;0.024451;0.0231469;0.0190915;0.0168257;0.0117479;0.0112055;0.00963731;0.00913013;0.00767206;0.00638122;0.00604275;0.00463742;0.00422418;0.00341853;0.00264865;0.00241172;0.00226364;0.00198119;0.00179327;0.00161826;0.00143864;0.000900787;0.000674064;0.000530999,1;0.429631;0.201266;0.143426;0.0647156;0.061661;0.0374041;0.0230002
xxz@0.5,5,4,2,3,left,2048,32,4,5,0.9845618151930072,3.0771160836094698,3,0.9958429935512194,1.6773596266976238,1;0.219748;0.189667;0.104071;0.0868885;0.0512621;0.0499494;0.0458871;0.0238845;0.0210388;0.0197088;0.0142798;0.0117526;0.0111382;0.0107824;0.0106715;0.00943196;0.00716134;0.00640403;0.00554544;0.00456079;0.00368735;0.0034371;0.00304467;0.00272988;0.0025054;0.00220768;0.00183574;0.00164157;0.00125544;0.00107355;0.000837305,1;0.416177;0.221294;0.0781568;0.0482128;0.0395507;0.0282259;0.0210204
xxz@0.5,5,4,3,3,left,2048,32,4,4,0.9934367827593426,3.5728374133308876,4,0.9973914614792101,1.9431135027259332,1;0.244552;0.131567;0.0865309;0.0496543;0.0354625;0.0344318;0.0300462;0.019848;0.0169312;0.0157564;0.0116291;0.00880907;0.00804415;0.00658499;0.00522411;0.00408664;0.00391474;0.00350289;0.00284507;0.00242191;0.00220643;0.00188397;0.00170202;0.0015879;0.00130062;0.000994109;0.000951472;0.000837493;0.000621887;0.00037367;0.000267401,1;0.521972;0.26631;0.127383;0.0431166;0.0361507;0.0161241;0.0113995
xxz@0.5,6,4,0,3,left,16384,64,4,6,0.9826425578840281,4.037419444376887,4,0.9909267608142603,1.646968418843095,1;0.262035;0.198261;0.0879641;0.0750131;0.0633849;0.0558414;0.0504619;0.0400233;0.0275261;0.0219446;0.0172866;0.0155979;0.0135543;0.0126558;0.0112721;0.0100634;0.00868263;0.00812931;0.00668415;0.00615975;0.00550715;0.00546539;0.00513905;0.00483155;0.00429128;0.00385769;0.00346693;0.00327208;0.00275156;0.00271498;0.00249327,1;0.370916;0.219624;0.10064;0.0802894;0.0530359;0.0343947;0.022544
xxz@0.5,6,4,1,3,left,2048,64,4,6,0.9759443590254743,3.7545888993724104,4,0.9934186348888896,1.5929108089516792,1;0.429569;0.209398;0.11553;0.105458;0.0872427;0.0581739;0.0417225;0.0384364;0.0315876;0.0306066;0.0268878;0.023852;0.0201402;0.0181034;0.0161963;0.0153909;0.0127776;0.0114884;0.00979272;0.00857141;0.0076141;0.00752586;0.006104;0.00522714;0.00497848;0.00477079;0.0046393;0.00381199;0.00336616;0.00315871;0.00289918,1;0.481091;0.160404;0.126166;0.0648578;0.0469721;0.0370055;0.0255323
xxz@0.5,6,4,2,3,left,16384,64,4,5,0.9882128865882671,4.023551198708246,4,0.9948364539764956,1.7862884592140276,1;0.196795;0.103715;0.0779398;0.0678146;0.0517929;0.0420907;0.0362887;0.0223426;0.0182462;0.0153884;0.0138197;0.013308;0.0105467;0.0101962;0.00910071;0.0084503;0.00823497;0.00717475;0.00709497;0.00653648;0.00600164;0.00452119;0.00418973;0.00406618;0.00377447;0.00360462;0.00329464;0.00314037;0.00285157;0.00275956;0.00263334,1;0.359312;0.3402;0.137553;0.0637105;0.0406994;0.0240068;0.0163573
xxz@0.5,6,4,3,3,left,16384,64,4,5,0.9883938373640048,4.063753989470498,5,0.9877850241882922,1.9198983512292693,1;0.226161;0.174414;0.0648482;0.060359;0.0494594;0.0444576;0.0404846;0.0382228;0.0196627;0.0137536;0.0131841;0.0125042;0.0103608;0.0100062;0.00882323;0.00799178;0.00766983;0.00752707;0.00587742;0.00567197;0.00498601;0.00434518;0.0039839;0.00370991;0.00334279;0.00312766;0.00282988;0.0024713;0.00237974;0.00226274;0.00195543,1;0.309719;0.251615;0.126381;0.110624;0.0405873;0.0224263;0.0120255
xxz@1.5,4,4,0,3,left,256,16,4,3,0.9961569677050196,3.1380857546256,4,0.9977697002795259,2.238121532649222,1;0.167245;0.137118;0.0618549;0.049292;0.0269643;0.0232159;0.0118699;0.0104614;0.00723358;0.00470948;0.00460306;0.00229403;0.00186495;0.00141505;0.000727636,1;0.371275;0.168464;0.120951;0.046376;0.0189913;0.00973366;0.00577934
xxz@1.5,4,4,1,3,left,256,16,4,4,0.9929164588618139,2.688093382913731,4,0.9974234793183756,1.9631120399820046,1;0.169081;0.143244;0.0827511;0.0676633;0.037015;0.0254811;0.0178722;0.0153156;0.0129399;0.00818082;0.0078715;0.00602882;0.00530427;0.00406853;0.00205072,1;0.244473;0.16304;0.0945693;0.0406642;0.0288797;0.0149401;0.0108865
xxz@1.5,4,4,2,3,left,256,16,4,4,0.9913572920610213,2.818544169118753,4,0.9907802462129707,1.9554080421654148,1;0.165122;0.156317;0.0864587;0.0710209;0.0479161;0.0296721;0.0223601;0.0142325;0.0126632;0.00745553;0.00688806;0.00554761;0.0031708;0.00212803;0.00151864,1;0.394166;0.205663;0.135664;0.0781508;0.0640609;0.0313377;0.0110813
xxz@1.5,4,4,3,3,left,256,16,4,4,0.9954359434913128,3.216501839125069,4,0.9979739120412251,2.457342942401056,1;0.164373;0.152193;0.0841952;0.0550969;0.0255373;0.0248871;0.015867;0.013655;0.00628408;0.00548593;0.00443167;0.00257326;0.00183647;0.00160201;0.000607433,1;0.358589;0.118213;0.0965793;0.0403495;0.0250579;0.00839114;0.00348865
xxz@1.5,5,4,0,3,left,256,32,4,4,0.9930062184857544,3.611867014021871,4,0.9956620300858284,1.79661433156535,1;0.170805;0.103973;0.0676988;0.0617382;0.0297407;0.0289012;0.0273072;0.0178309;0.0150693;0.0116552;0.0109796;0.00947683;0.00840129;0.00608805;0.00489521;0.00458789;0.00316022;0.0025154;0.00223217;0.00190211;0.00176525;0.00163284;0.0011809;0.00103618;0.000910143;0.000848285;0.000694989;0.000619245;0.000441026;0.000364191;0.000244418,1;0.267411;0.233739;0.165718;0.0608745;0.0278103;0.0170837;0.015973
xxz@1.5,5,4,1,3,left,2048,32,4,4,0.9944724533639732,3.770295108096222,3,0.9984350665080011,2.291997753207442,1;0.16954;0.0920108;0.0721141;0.0473256;0.0432837;0.0254665;0.0186046;0.0153707;0.0122229;0.0102668;0.00745858;0.00725388;0.00435378;0.00430841;0.00343935;0.0032672;0.00257178;0.0021191;0.00197383;0.00165885;0.00157963;0.00130902;0.00122713;0.00115246;0.000981543;0.000622317;0.000465637;0.000433123;0.00036484;0.000288771;0.000169709,1;0.236343;0.217443;0.0752524;0.0368401;0.0175403;0.00685589;0.00510508
xxz@1.5,5,4,2,3,left,2048,32,4,5,0.9841094497947488,3.4871310666091433,4,0.9917882244914662,1.8072223467297128,1;0.17895;0.116348;0.0973674;0.0880608;0.0743542;0.0421301;0.0212445;0.0204456;0.0157653;0.0141047;0.0133557;0.01068;0.00938745;0.0084863;0.00766852;0.00755337;0.00552113;0.00386899;0.00365872;0.00286159;0.00249658;0.0021219;0.00195917;0.00181065;0.00159494;0.00146401;0.00107643;0.00100281;0.000578906;0.000490171;0.000325738,1;0.407343;0.355896;0.127845;0.0715661;0.0567817;0.0474218;0.0155875
xxz@1.5,5,4,3,3,left,2048,32,4,5,0.9893924168375622,3.4178576608834645,5,0.9861381809114227,1.8548849502340548,1;0.177573;0.134291;0.0812715;0.0685805;0.0630135;0.0307172;0.0233758;0.0151609;0.0136724;0.0121077;0.0111507;0.011115;0.00975002;0.00835493;0.00757798;0.00581903;0.00490231;0.00455165;0.00353463;0.00324566;0.00304701;0.0020478;0.00158187;0.00152458;0.00139352;0.00135126;0.000991146;0.000742349;0.00067009;0.000427601;0.000382069,1;0.367074;0.343895;0.193507;0.105097;0.079463;0.0241797;0.0139674
xxz@1.5,6,4,0,3,left,16384,64,4,5,0.9868948287568309,4.203570857613615,4,0.991773422086068,2.0155845854599277,1;0.161753;0.117077;0.0939367;0.0740686;0.0527266;0.0451806;0.0344401;0.0267659;0.0188814;0.0152506;0.013733;0.0120085;0.0112581;0.0110317;0.00937736;0.00861984;0.00756278;0.00721031;0.00688586;0.00590315;0.00559582;0.00496527;0.00474923;0.00445181;0.00431358;0.00332706;0.00282594;0.0025889;0.00250112;0.00244174;0.00224939,1;0.432265;0.246456;0.18956;0.0684729;0.0627465;0.0439076;0.00964751
xxz@1.5,6,4,1,3,left,16384,64,4,4,0.9914979215572459,5.012505879043866,4,0.9988253354060791,2.4658477266830086,1;0.171057;0.133177;0.0661151;0.0516428;0.0447476;0.0410326;0.0341502;0.0228782;0.0196918;0.0113598;0.008856;0.00839325;0.0077096;0.00732288;0.00641186;0.00586062;0.00531144;0.00453199;0.00381523;0.00339363;0.00292629;0.00228147;0.0022521;0.00203439;0.00186799;0.00174826;0.00144261;0.0012658;0.00125071;0.00116744;0.00113539,1;0.828142;0.211474;0.141958;0.0427229;0.0108609;0.0101975;0.00342099
xxz@1.5,6,4,2,3,left,16384,64,4,3,0.9956509031073585,4.4216523032458825,4,0.9910303796252172,1.7259952079623297,1;0.168539;0.110816;0.0665905;0.0396961;0.0337479;0.0268594;0.0187121;0.0176481;0.0112941;0.0100831;0.00761963;0.00567314;0.00516373;0.00449211;0.0044414;0.00440128;0.00347492;0.00293279;0.00286374;0.00248265;0.00228941;0.00194307;0.00164189;0.00158124;0.00138047;0.00131133;0.00127574;0.00113034;0.000918779;0.000899921;0.000837737,1;0.405489;0.32053;0.137345;0.091042;0.0485996;0.025215;0.0187934
xxz@1.5,6,4,3,3,left,16384,64,4,5,0.9850012060292518,4.258124674687217,5,0.9726117115418711,1.4499720107133762,1;0.167251;0.0946106;0.0872775;0.0824045;0.0747234;0.0306954;0.0230157;0.0228598;0.016212;0.0158356;0.0146041;0.0124989;0.0119402;0.0100146;0.00953537;0.00768771;0.0069846;0.00658017;0.00512509;0.00448981;0.00436328;0.00388999;0.00354397;0.0033394;0.00315623;0.00272695;0.00270628;0.00238909;0.00213849;0.00202739;0.00201149,1;0.406032;0.276545;0.216249;0.161657;0.0804397;0.0490895;0.0354836
compass,4,4,0,3,left,256,16,4,3,0.9978939024960487,2.972396258127352,3,0.9979761975764347,2.309705998351287,1;0.258734;0.104561;0.0549653;0.0300258;0.024425;0.0179247;0.0138607;0.0112038;0.00829203;0.00616623;0.00402748;0.00305919;0.00256193;0.00203826;0.00106562,1;0.286176;0.130681;0.0865018;0.0364875;0.0268075;0.0130303;0.0049011
compass,4,4,1,3,left,256,16,4,2,0.99984748703249,4.0474990450269885,3,0.9999941839261761,3.7016433892601683,1;0.136939;0.0783225;0.0432241;0.00939293;0.00714404;0.00249909;0.00216959;0.00155168;0.0012767;0.00102312;0.000917101;0.000539161;0.000387867;0.000159628;8.96398e-05,1;0.253731;0.10991;0.0157276;0.00218029;0.00110901;0.000489029;0.000198773
compass,4,4,2,3,left,32,16,4,3,0.999663333860128,4.738335194130866,3,0.9994169087775874,3.738225530858294,1;0.215058;0.106015;0.0591537;0.0145566;0.00964078;0.0052814;0.00356864;0.00224731;0.00193476;0.00142524;0.000970958;0.000275216;8.07429e-05;2.43051e-05;1.82669e-05,1;0.373975;0.239139;0.0478169;0.0236182;0.0115559;0.00288686;0.000182715
compass,4,4,3,3,left,256,16,4,3,0.9981767542857153,3.446399875459236,2,0.9999845859642336,3.2839852981027624,1;0.302832;0.129069;0.0544454;0.0373075;0.0171449;0.0127898;0.00775069;0.00688108;0.00639061;0.00412578;0.00282482;0.00207968;0.00145513;0.000849995;0.000357767,1;0.374963;0.0345471;0.0292979;0.003587;0.00194021;0.000843628;0.000520014
compass,5,4,0,3,left,2048,32,4,3,0.9988209372808521,3.9597171034039427,3,0.9993351806800845,2.1028115523464725,1;0.206587;0.0952656;0.0418879;0.0221266;0.0180321;0.010394;0.00923814;0.00850742;0.00713263;0.00639272;0.00521259;0.00362958;0.00284312;0.00246788;0.00242228;0.00191629;0.00148635;0.00121687;0.000945652;0.000886095;0.000837111;0.000669078;0.000464926;0.000449145;0.000377009;0.000297999;0.000256542;0.000193473;0.000149142;0.000131822;0.000109719,1;0.387062;0.129052;0.0951318;0.0194114;0.0153497;0.01036;0.00789202
compass,5,4,1,3,left,2048,32,4,3,0.9971371751895779,4.370662181594102,2,0.9998996782846947,2.6666325441674528,1;0.149119;0.0984554;0.0643003;0.046647;0.0172701;0.0142141;0.00853018;0.00798094;0.00727796;0.00626999;0.00505205;0.00433948;0.00270915;0.00247527;0.00196876;0.00151351;0.00123832;0.00122811;0.00110145;0.000656622;0.000523684;0.000471723;0.000383067;0.000286379;0.000264225;0.000213379;0.000192702;0.00016776;0.000123342;0.000100305;4.2593e-05,1;0.433425;0.0518849;0.0407491;0.00905787;0.00510352;0.0026236;0.0021546
compass,5,4,2,3,left,2048,32,4,3,0.9972929450841745,3.7408740924924038,3,0.999555041299733,2.2314709741966037,1;0.311572;0.104523;0.0733543;0.031546;0.0284892;0.0200696;0.0181136;0.0131113;0.0103372;0.00802846;0.00584581;0.00543883;0.00451067;0.00427001;0.00292718;0.00262978;0.00223477;0.00214016;0.00202049;0.00163986;0.00132;0.00126558;0.00122105;0.000823769;0.000756382;0.000605835;0.000521593;0.0004;0.000385841;0.000216661;0.000181604,1;0.324558;0.22751;0.0239359;0.0151456;0.0125108;0.00974666;0.00586853
compass,5,4,3,3,left,2048,32,4,3,0.9957666568121532,4.08404581883942,3,0.9999733030555633,3.1881267061401957,1;0.251343;0.0831334;0.0730416;0.0497089;0.0249306;0.0219876;0.0171312;0.0147926;0.0122131;0.0101402;0.00786309;0.00602147;0.00565718;0.00540853;0.00455458;0.00395651;0.00353209;0.00269281;0.00233452;0.00189642;0.00144436;0.00127195;0.00111413;0.00107354;0.000646257;0.000554906;0.00051634;0.000249203;0.000201369;0.00010619;8.24051e-05,1;0.382406;0.27074;0.0250117;0.00522606;0.00191139;0.0010908;0.000648445
compass,6,4,0,3,left,10240,64,4,3,0.9966617694544041,4.063872341302144,2,0.9995328068541813,2.1105627657674204,1;0.774066;0.104611;0.0824165;0.0339239;0.0314092;0.0257616;0.0252724;0.0230159;0.0190482;0.0176951;0.0151569;0.0110872;0.00950522;0.00739401;0.00730647;0.00646235;0.0061664;0.00466524;0.00433645;0.00396856;0.00388587;0.00342528;0.00329037;0.00279722;0.00244922;0.00235475;0.00200441;0.00185994;0.00169201;0.00153334;0.00145391,1;0.447715;0.0531784;0.0211977;0.0151069;0.0135406;0.00953783;0.00775242
compass,6,4,1,3,left,16384,64,4,3,0.9976521031680988,5.103339420486174,3,0.9991078457684069,2.1351317350977,1;0.101629;0.0701897;0.0621541;0.0357375;0.0175704;0.0144454;0.0132156;0.00997786;0.00865338;0.00841329;0.00686282;0.00515565;0.00504339;0.00457305;0.00380043;0.00351197;0.00340794;0.00270157;0.00220939;0.00163999;0.00139013;0.00130978;0.00126005;0.00102546;0.00093253;0.00087804;0.000775318;0.000694588;0.000637408;0.000577702;0.000460496,1;0.327506;0.168906;0.0763299;0.022388;0.0178309;0.0121068;0.00732602
compass,6,4,2,3,left,10240,64,4,3,0.9982932332898068,4.817034291128785,3,0.9964589254672455,1.9506735818513006,1;0.255763;0.138624;0.0415723;0.0220988;0.0197227;0.0151155;0.0142247;0.0119223;0.00920657;0.00846477;0.00770484;0.00690819;0.00653648;0.0045968;0.00413177;0.00365283;0.00330826;0.00284162;0.00270041;0.0023716;0.0018884;0.00160019;0.00152587;0.00133879;0.00119713;0.0011378;0.000897635;0.00077443;0.000670183;0.000616218;0.000609793,1;0.284542;0.244556;0.0736845;0.0460847;0.0392414;0.0168529;0.0112028
compass,6,4,3,3,left,16384,64,4,2,0.9978345460579973,4.980733664618729,3,0.999472576512133,2.4058065574389893,1;0.114671;0.0619549;0.0510387;0.028531;0.0278741;0.0160655;0.00960063;0.00836465;0.00722893;0.00628965;0.00490851;0.00429667;0.00366432;0.00309053;0.00296205;0.0027582;0.00242255;0.00212687;0.00183408;0.00148332;0.00134326;0.0013157;0.00113528;0.00103274;0.000931578;0.00086619;0.000796044;0.000759695;0.000711485;0.000665255;0.000639295,1;0.402318;0.18562;0.0352139;0.0181664;0.0160908;0.00525258;0.0039282
